clip_id,label,source,baseline_pred,baseline_confidence,vlm_pred,vlm_confidence,evidence,bucket
hmdb51_TheBoondockSaints_sit_f_cm_np1_ri_med_42,sitting,hmdb51,sitting,0.8824,standing,0.55,Person starts lying/slumped low on bunk and progressively rises to an upright seated/standing posture by the final frames.,baseline_correct_vlm_wrong
hmdb51_AmericanGangster_stand_f_nm_np1_le_med_33,standing,hmdb51,standing,0.703,walking,0.72,"The standing person on the right shifts position across frames, moving away from the table toward the background, torso upright throughout.",baseline_correct_vlm_wrong
hmdb51_TheBoondockSaints_stand_f_cm_np1_fr_med_112,standing,hmdb51,standing,0.676,walking,0.72,"Torso stays upright while the body shifts laterally across the frame with swinging arms and moving background foliage, indicating travel on foot.",baseline_correct_vlm_wrong
hmdb51_50_FIRST_DATES_walk_f_cm_np1_le_med_13,walking,hmdb51,walking,0.5199,standing,0.72,"Person starts bent over low, torso rises to fully upright by frames 5-8, then begins walking.",baseline_correct_vlm_wrong
hmdb51_Two_Towers_6_walk_u_cm_np1_fr_med_0,walking,hmdb51,walking,0.3961,standing,0.6,Man in armor remains upright and stationary as camera dollies in; no vertical descent or travel across scene.,baseline_correct_vlm_wrong
hmdb51_TheBoondockSaints_sit_u_cm_np1_fr_med_29,sitting,hmdb51,standing,0.5566,walking,0.7,"The standing man moves rightward across the frame toward the seated man, torso upright throughout with no vertical transition.",both_wrong
hmdb51_BLACK_HAWK_DOWN_stand_u_nm_np1_le_med_11,standing,hmdb51,walking,0.3052,falling,0.5,"Figure initially upright/passing in foreground gives way to a soldier ending prone on the ground, an abrupt drop rather than a controlled seat.",both_wrong
hmdb51_TheBoondockSaints_stand_u_nm_np1_fr_med_111,standing,hmdb51,walking,0.5997,walking,0.72,"Man moves forward toward the camera from the house, upright throughout, growing larger in frame with no vertical descent or rise.",both_wrong
hmdb51_AmericanGangster_walk_f_nm_np1_fr_med_32,walking,hmdb51,standing,0.8202,standing,0.4,"Central figure remains upright in place across frames while others move; a person near the sofa appears to rise, no clear travel or descent.",both_wrong
hmdb51_Shadow_of_a_Doubt_walk_u_cm_np1_fr_med_7,walking,hmdb51,sitting,0.5597,standing,0.5,"Subjects remain upright with torso stationary, no descent or travel across frames; camera shifts scene rather than person moving.",both_wrong
hmdb51_20060723sfjfffightcoldplay_fall_floor_f_cm_np1_fr_med_0,falling,hmdb51,standing,0.7035,falling,0.94,"Man walking upright in first frames abruptly drops, ending sprawled face-down on the pavement with arms bracing.",vlm_correct_baseline_wrong
hmdb51_Finding_Forrester_3_fall_floor_f_cm_np2_ri_med_1,falling,hmdb51,walking,0.361,falling,0.93,"Players upright driving with the ball collide and abruptly sprawl onto the court floor, ball bouncing free, ending lying flat.",vlm_correct_baseline_wrong
hmdb51_LONGESTYARD_fall_floor_h_nm_np1_fr_med_5,falling,hmdb51,sitting,0.2863,falling,0.72,"Large object/person topples uncontrolled, tipping over and crashing down in dust toward the ground across the sequence.confidence moderate.} ends sprawled on ground.} ]",vlm_correct_baseline_wrong
hmdb51_AMADEUS_sit_u_nm_np1_fr_med_4,sitting,hmdb51,standing,0.4489,sitting,0.85,"The woman starts upright in early frames and progressively lowers, ending seated on the sofa in the final frames.districts",vlm_correct_baseline_wrong
hmdb51_AgentCodyBanks_sit_u_cm_np1_fr_goo_4,sitting,hmdb51,walking,0.4317,sitting,0.72,"The man starts upright high in frame and progressively descends behind a desk, ending seated with head lower relative to the map screen.",vlm_correct_baseline_wrong
hmdb51_AmericanGangster_sit_f_cm_np1_fr_med_70,sitting,hmdb51,standing,0.6279,sitting,0.85,"Person starts upright/bent over table and progressively lowers, ending seated on the bench in the final frames.",vlm_correct_baseline_wrong
hmdb51_AmericanGangster_sit_u_cm_np1_le_med_61,sitting,hmdb51,standing,0.4863,sitting,0.85,"The man starts upright, bends forward progressively, and ends seated low on a surface, a controlled downward transition.",vlm_correct_baseline_wrong
hmdb51_BRIDGETOTERABITHIA_sit_f_nm_np1_fr_med_0,sitting,hmdb51,falling,0.4764,sitting,0.94,"Person approaches the porch chair upright in early frames, then lowers hips onto it and remains seated in later frames.",vlm_correct_baseline_wrong
hmdb51_Eurotrip_sit_u_nm_np1_fr_goo_2,sitting,hmdb51,standing,0.6315,sitting,0.93,"Man in white suit stands in foreground then lowers himself onto the train bench, ending seated between passengers.",vlm_correct_baseline_wrong
hmdb51_HP_PRISONER_OF_AZKABAN_sit_f_cm_np1_fr_med_3,sitting,hmdb51,falling,0.6207,sitting,0.72,"Person is hunched over the bench in early frames and settles into a seated, upright posture on the bench by the final frames.",vlm_correct_baseline_wrong
hmdb51_HP_PRISONER_OF_AZKABAN_sit_f_cm_np1_le_med_1,sitting,hmdb51,falling,0.5624,sitting,0.85,"Person starts upright by the bed and progressively lowers, ending seated on the bed edge in the final frames.",vlm_correct_baseline_wrong
hmdb51_IamLegendII_sit_f_cm_np1_fr_med_7,sitting,hmdb51,falling,0.4603,sitting,0.72,"Man carrying a person starts upright then lowers steadily, ending seated on the floor in a controlled descent.",vlm_correct_baseline_wrong
hmdb51_IamLegend_sit_f_nm_np1_le_med_1,sitting,hmdb51,standing,0.7631,sitting,0.9,"Man bends over chair in frames 3-5 and is seated on it by frames 6-8, a controlled downward transition.",vlm_correct_baseline_wrong
hmdb51_IndianaJonesandTheTempleofDoom_sit_u_nm_np1_fr_med_0,sitting,hmdb51,standing,0.7563,sitting,0.55,"Frames 2-5 show the man's body descending in frame as the camera reveals more of his torso then face, ending seated at a table.",vlm_correct_baseline_wrong
hmdb51_Juno_sit_f_cm_np1_fr_med_4,sitting,hmdb51,standing,0.4526,sitting,0.94,Person starts standing beside the bench and progressively lowers until seated with clipboard in final frames.,vlm_correct_baseline_wrong
hmdb51_RomeEpisode1_sit_u_cm_np1_fr_goo_1,sitting,hmdb51,standing,0.558,sitting,0.92,"Man begins standing among seated senators and progressively lowers his hips onto the bench, ending seated in the final frames.",vlm_correct_baseline_wrong
hmdb51_SweeneyTodd_sit_u_cm_np1_fr_med_14,sitting,hmdb51,standing,0.3521,sitting,0.9,"Person walks to booth then lowers hips onto bench, ending seated at the table in final frames.",vlm_correct_baseline_wrong
hmdb51_ThePerfectScore_sit_u_cm_np1_fr_med_2,sitting,hmdb51,standing,0.6214,sitting,0.94,"Man starts upright placing a cup, bends forward through mid-frames, and ends seated in a chair in final frames.",vlm_correct_baseline_wrong
hmdb51_The_Departed_-_Part_2_sit_u_nm_np1_fr_goo_1,sitting,hmdb51,standing,0.8566,sitting,0.45,"Man at bar moves downward into frame, head lowering and settling as he takes a seat at the bar counter.",vlm_correct_baseline_wrong
hmdb51_likebeckam_sit_f_cm_np1_ba_med_35,sitting,hmdb51,standing,0.5959,sitting,0.9,"The woman starts standing beside the table and progressively lowers onto a chair, seated across from the man by the final frames.",vlm_correct_baseline_wrong
hmdb51_prelinger_LetsPlay1949_sit_u_cm_np1_le_med_9,sitting,hmdb51,standing,0.598,sitting,0.8,The woman starts standing beside the table and progressively lowers into a seated position at the table by the final frames.,vlm_correct_baseline_wrong
hmdb51_20060723sfjffangelina_stand_f_nm_np1_le_med_0,standing,hmdb51,falling,0.5486,standing,0.9,Person starts seated on ground against wall and progressively pushes up through a crouch to an upright posture by the final frames.,vlm_correct_baseline_wrong
hmdb51_20060723sfjffcomeback_stand_u_cm_np1_ba_med_1,standing,hmdb51,walking,0.5491,standing,0.72,"Person begins seated low at the mirror and progressively rises, appearing taller and upright in the final frames.",vlm_correct_baseline_wrong
hmdb51_20060723sfjffjewgotmail_stand_u_cm_np1_ri_med_0,standing,hmdb51,falling,0.7215,standing,0.8,"Person starts seated/reclined on bed and rises upright, moving away from bed toward the desk in later frames.",vlm_correct_baseline_wrong
hmdb51_BLACK_HAWK_DOWN_stand_f_nm_np1_ba_med_14,standing,hmdb51,walking,0.3978,standing,0.62,Soldier begins crouched/kneeling on the ground and progressively rises to an upright posture by the final frames.,vlm_correct_baseline_wrong
hmdb51_BLACK_HAWK_DOWN_stand_u_cm_np1_fr_med_35,standing,hmdb51,sitting,0.555,standing,0.85,Man seated at desk on phone in early frames rises progressively until fully upright with hips above the desk by the last frames.,vlm_correct_baseline_wrong
hmdb51_BeforeNightFalls_stand_f_nm_np1_fr_med_3,standing,hmdb51,sitting,0.661,standing,0.94,"Man begins seated on the sofa reading and progressively rises, ending upright on his feet by the final frames.",vlm_correct_baseline_wrong
hmdb51_CasinoRoyale_stand_u_nm_np1_fr_med_1,standing,hmdb51,sitting,0.7608,standing,0.82,"The man at the poker table starts seated and progressively rises, ending upright and towering over the table in the last frames.",vlm_correct_baseline_wrong
hmdb51_Crash_stand_u_cm_np1_le_med_8,standing,hmdb51,falling,0.6323,standing,0.72,"Man starts crouched low behind the bed and progressively rises, torso higher and upright by the final frames.",vlm_correct_baseline_wrong
hmdb51_Crash_stand_u_nm_np1_ri_med_23,standing,hmdb51,falling,0.5335,standing,0.55,"The man's head rises within the frame across the sequence, going from low/seated on a locker bench to upright facing the other man.",vlm_correct_baseline_wrong
hmdb51_FestivalofColors_stand_f_nm_np1_fr_med_0,standing,hmdb51,sitting,0.727,standing,0.7,"The man seated at left rises from the ground across frames 4-7, becoming upright and moving out of frame.",vlm_correct_baseline_wrong
hmdb51_Gossip1953256kb_stand_f_cm_np1_le_med_0,standing,hmdb51,sitting,0.5956,standing,0.88,Person begins seated low in frame and progressively rises to full upright height by the final frames.,vlm_correct_baseline_wrong
hmdb51_OldSchool_stand_u_cm_np1_ri_med_8,standing,hmdb51,walking,0.6585,standing,0.8,"Man starts seated inside the car and rises out of it, torso ascending to full upright by the last frames.",vlm_correct_baseline_wrong
hmdb51_Panic_in_the_Streets_stand_f_nm_np1_fr_med_8,standing,hmdb51,sitting,0.6103,standing,0.9,"Woman seated in wicker chair in early frames rises upright and moves away, chair empty by final frames.",vlm_correct_baseline_wrong
hmdb51_Prelinger_ActYourA1949_stand_f_cm_np1_fr_med_17,standing,hmdb51,falling,0.3657,standing,0.95,Woman begins seated on the grass and progressively rises to full upright height by the final frames.,vlm_correct_baseline_wrong
hmdb51_Prelinger_LetYours1940_stand_f_nm_np1_fr_med_4,standing,hmdb51,sitting,0.6181,standing,0.93,Woman begins seated reading in chair and rises to full upright stance by final frames.,vlm_correct_baseline_wrong
hmdb51_Shadow_of_a_Doubt_stand_u_cm_np1_fr_med_3,standing,hmdb51,sitting,0.6324,standing,0.85,"Girl starts crouched on the floor and progressively rises, ending upright holding a book—hips ascend across the sequence.",vlm_correct_baseline_wrong
hmdb51_THE_PROTECTOR_stand_f_nm_np1_le_med_62,standing,hmdb51,falling,0.7892,standing,0.6,The right-hand person begins lying/seated in the water and progressively rises to a crouch and then fully upright by the final frames.,vlm_correct_baseline_wrong
hmdb51_TheBoondockSaints_stand_u_nm_np1_le_med_102,standing,hmdb51,falling,0.7205,standing,0.7,"Person starts bent over low and progressively rises so the torso moves upward out of frame, ending upright.",vlm_correct_baseline_wrong
hmdb51_MeettheParents_walk_u_cm_np1_fr_med_8,walking,hmdb51,standing,0.5267,walking,0.8,"Foreground man stays upright while background recedes and shifts, indicating he is moving forward through the room.",vlm_correct_baseline_wrong
hmdb51_TheBoondockSaints_walk_u_cm_np1_fr_med_98,walking,hmdb51,standing,0.5865,walking,0.88,"The man in the grey jacket grows larger and moves toward the camera across frames while remaining upright, indicating forward travel on foot.",vlm_correct_baseline_wrong
hmdb51_TheBoondockSaints_walk_u_cm_np1_ri_med_26,walking,hmdb51,standing,0.8234,walking,0.72,"Woman remains upright while her position shifts rightward/toward camera across frames, no vertical transition.",vlm_correct_baseline_wrong
hmdb51_The_House_on_Haunted_Hill_walk_u_cm_np1_ri_med_4,walking,hmdb51,standing,0.4151,walking,0.7,"Woman's position shifts laterally across frames while torso remains upright, background sliding by as she moves forward.",vlm_correct_baseline_wrong
hmdb51_TrumanShow_walk_f_cm_np1_fr_med_24,walking,hmdb51,standing,0.4119,walking,0.93,Man remains upright while his position shifts across the domed room toward the camera/left over the sequence.,vlm_correct_baseline_wrong
hmdb51_Two_Towers_7_walk_f_cm_np1_fr_med_2,walking,hmdb51,falling,0.3252,walking,0.9,The figure remains upright and travels forward through the forest toward the camera across frames.,vlm_correct_baseline_wrong
